code,name,category,buyer_question,storage,target_table,geometry_type,primary_source,backup_source,tier,format,resolution,native_crs,update_frequency,license,redistribution,api_available,coverage,priority,etl_status,notes
admin.country,Kenya national boundary,Administrative,What surrounds the parcel,postgis,admin.country,MultiPolygon,KNBS,HDX,1,shapefile,1:50000,EPSG:4326,static,GoK open,yes,no,national,P1,planned,Context and map framing
admin.counties,County boundaries,Administrative,What surrounds the parcel,postgis,admin.counties,MultiPolygon,IEBC,HDX,1,shapefile,1:50000,EPSG:4326,static,GoK open,yes,no,national,P1,planned,Names and codes already seeded; load geometry
admin.constituencies,Constituency boundaries,Administrative,What surrounds the parcel,postgis,admin.constituencies,MultiPolygon,IEBC,HDX,1,shapefile,1:50000,EPSG:4326,per boundary review,GoK open,yes,no,national,P2,planned,
admin.subcounties,Subcounty boundaries,Administrative,What surrounds the parcel,postgis,admin.subcounties,MultiPolygon,KNBS,HDX,1,shapefile,1:50000,EPSG:4326,per boundary review,GoK open,yes,no,national,P2,planned,
admin.wards,Ward boundaries,Administrative,What surrounds the parcel,postgis,admin.wards,MultiPolygon,IEBC,HDX,1,shapefile,1:50000,EPSG:4326,per boundary review,GoK open,yes,no,national,P1,planned,Unit for zonal statistics
admin.locations,Locations,Administrative,What surrounds the parcel,postgis,admin.locations,MultiPolygon,KNBS,none,1,shapefile,1:50000,EPSG:4326,static,GoK open,yes,no,national,P3,planned,Legacy units; low priority
admin.sublocations,Sublocations,Administrative,What surrounds the parcel,postgis,admin.sublocations,MultiPolygon,KNBS,none,1,shapefile,1:50000,EPSG:4326,static,GoK open,yes,no,national,P3,planned,Legacy units; low priority
land.parcels,Client parcel boundaries,Land Administration,Is ownership likely legitimate,postgis,land.parcels,MultiPolygon,Client land companies,Geocode Spatial Solutions,5,GeoJSON or shapefile or DXF,survey grade,varies,on upload,client agreement,internal,no,pilot_counties,P1,planned,Uploaded at onboarding; triggers enrichment
land.zoning,County zoning and physical plans,Land Administration,Can I build here,postgis,land.zoning,MultiPolygon,County Governments,OpenStreetMap,1,shapefile or PDF,varies,varies,ad hoc,by request,caution,no,pilot_counties,P2,planned,Often hard copy; digitise per pilot county
land.land_use,Observed land use,Land Administration,Can I build here,postgis,land.land_use,MultiPolygon,ESA WorldCover,Sentinel-2,2,raster to vector,10 m,EPSG:4326,annual,CC-BY-4.0,yes,yes,national,P2,planned,Vectorised from land cover
transport.roads,Road network,Transport,How accessible is it,postgis,transport.roads,MultiLineString,OpenStreetMap,KeNHA,4,PBF via Geofabrik,varies,EPSG:4326,monthly refresh,ODbL-1.0,share-alike,yes,national,P1,planned,Core distance layer; validate class vs KeNHA
transport.railways,Railways,Transport,How accessible is it,postgis,transport.railways,MultiLineString,OpenStreetMap,Kenya Railways,4,PBF,varies,EPSG:4326,annual,ODbL-1.0,share-alike,yes,national,P2,planned,SGR proximity is a selling point
transport.airports,Airports and airstrips,Transport,How accessible is it,postgis,transport.airports,Point,KCAA,OpenStreetMap,1,list plus PBF,point,EPSG:4326,annual,by request,caution,no,national,P3,planned,
transport.ports,Ports,Transport,How accessible is it,postgis,transport.ports,Point,KPA,OpenStreetMap,1,list,point,EPSG:4326,static,by request,caution,no,national,P3,planned,Coast and lake counties
transport.bridges,Bridges,Transport,How accessible is it,postgis,transport.bridges,Point,OpenStreetMap,none,4,PBF,point,EPSG:4326,annual,ODbL-1.0,share-alike,yes,pilot_counties,P3,planned,
transport.bus_stops,Bus stops and stages,Transport,How accessible is it,postgis,transport.bus_stops,Point,OpenStreetMap,none,4,PBF,point,EPSG:4326,annual,ODbL-1.0,share-alike,yes,pilot_counties,P2,planned,Matatu stage proximity matters to buyers
utilities.power_transmission,Transmission lines,Utilities,Is electricity nearby,postgis,utilities.power_lines,MultiLineString,KETRACO,Energydata.info,1,shapefile,varies,EPSG:4326,annual,by request,caution,no,national,P2,planned,Context layer; not connection proof
utilities.power_distribution,Distribution lines,Utilities,Is electricity nearby,postgis,utilities.power_lines,MultiLineString,Kenya Power,OpenStreetMap,1,shapefile,varies,EPSG:4326,annual,no,no,no,pilot_counties,P1,planned,Request formally; meanwhile proxy from OSM plus nightlights
utilities.power_facilities,Substations and transformers,Utilities,Is electricity nearby,postgis,utilities.power_facilities,Point,Kenya Power,OpenStreetMap,1,list,point,EPSG:4326,annual,no,no,no,pilot_counties,P2,planned,Transformer distance approximates connection cost
utilities.water_lines,Water pipelines,Utilities,Is water available,postgis,utilities.water_lines,MultiLineString,County Governments,WASREB,1,shapefile,varies,varies,ad hoc,by request,caution,no,pilot_counties,P3,planned,Per utility company engagement
utilities.water_points,Water points and boreholes,Utilities,Is water available,postgis,utilities.water_points,Point,WPDx,WRA,2,CSV,point,EPSG:4326,quarterly,CC-BY-4.0,yes,yes,national,P1,planned,Strong open dataset for rural water access
utilities.dams,Dams,Utilities,Is water available,postgis,utilities.dams,MultiPolygon,WRA,OpenStreetMap,1,list,varies,EPSG:4326,annual,by request,caution,no,national,P3,planned,
utilities.sewer_lines,Sewer network,Utilities,Can I build here,postgis,utilities.sewer_lines,MultiLineString,County Governments,none,1,shapefile,varies,varies,ad hoc,by request,caution,no,pilot_counties,P3,planned,Urban parcels only
utilities.waste_sites,Dumpsites and landfills,Utilities,Is the land safe,postgis,utilities.waste_sites,Point,County Governments,OpenStreetMap,1,list,point,EPSG:4326,annual,by request,caution,no,pilot_counties,P3,planned,Proximity is a negative factor
social.education,Schools and institutions,Social Infrastructure,Are schools nearby,postgis,social.education,Point,Ministry of Education,OpenStreetMap,1,CSV registry,point,EPSG:4326,annual,GoK open,yes,no,national,P1,planned,Split by level in one table
social.health,Health facilities,Social Infrastructure,Are hospitals nearby,postgis,social.health,Point,KMHFL,healthsites.io,1,CSV via API,point,EPSG:4326,quarterly,GoK open,yes,yes,national,P1,planned,KMHFL is authoritative with KEPH levels
social.public_services,Police fire courts Huduma,Social Infrastructure,Is the land safe,postgis,social.public_services,Point,OpenStreetMap,County Governments,4,PBF,point,EPSG:4326,annual,ODbL-1.0,share-alike,yes,pilot_counties,P2,planned,
social.financial,Banks and financial points,Social Infrastructure,Is the area developing,postgis,social.financial,Point,OpenStreetMap,CBK,4,PBF,point,EPSG:4326,annual,ODbL-1.0,share-alike,yes,pilot_counties,P3,planned,
social.markets,Markets,Social Infrastructure,Are markets nearby,postgis,social.markets,Point,County Governments,OpenStreetMap,1,list,point,EPSG:4326,annual,by request,caution,no,pilot_counties,P2,planned,Key for agricultural buyers
environment.protected_areas,Protected areas,Environment,Can I build here,postgis,environment.protected_areas,MultiPolygon,KWS,WDPA,1,shapefile,1:50000,EPSG:4326,annual,by request,caution,yes,national,P1,planned,WDPA backup is non-commercial; secure KWS data
environment.forests,Forests,Environment,Can I build here,postgis,environment.forests,MultiPolygon,KFS,ESA WorldCover,1,shapefile,varies,EPSG:4326,annual,by request,caution,no,national,P2,planned,Gazetted boundaries legally binding
environment.wetlands,Wetlands,Environment,Is the land safe,postgis,environment.wetlands,MultiPolygon,ESA WorldCover,OpenStreetMap,2,raster to vector,10 m,EPSG:4326,annual,CC-BY-4.0,yes,yes,national,P2,planned,Building on wetland is a top buyer risk
environment.waterbodies,Lakes and reservoirs,Environment,What surrounds the parcel,postgis,environment.waterbodies,MultiPolygon,OpenStreetMap,JRC Global Surface Water,4,PBF,varies,EPSG:4326,annual,ODbL-1.0,share-alike,yes,national,P2,planned,
environment.rivers,Rivers and streams,Environment,Is the land safe,postgis,environment.rivers,MultiLineString,WRA,HydroSHEDS,1,shapefile,1:50000,EPSG:4326,static,by request,caution,no,national,P1,planned,Input to riparian buffers and flood proxy
environment.riparian_buffers,Riparian buffer zones,Environment,Can I build here,postgis,environment.riparian_buffers,MultiPolygon,Geocode Spatial Solutions,none,5,derived,derived,EPSG:4326,with river updates,proprietary,internal,no,national,P1,planned,Generated from rivers per statutory widths
terrain.dem,Digital elevation model,Terrain,Can I build here,object_storage,metadata.raster_catalog,raster,Copernicus DEM,SRTM,2,COG,30 m,EPSG:4326,static,free with attribution,yes,yes,national,P1,planned,Foundation for all terrain products
terrain.slope,Slope,Terrain,Can I build here,object_storage,metadata.raster_catalog,raster,Geocode Spatial Solutions,none,5,COG,30 m,EPSG:4326,with DEM,proprietary,internal,no,national,P1,planned,Derived from DEM
terrain.aspect,Aspect,Terrain,Can I farm here,object_storage,metadata.raster_catalog,raster,Geocode Spatial Solutions,none,5,COG,30 m,EPSG:4326,with DEM,proprietary,internal,no,national,P2,planned,Derived from DEM
terrain.hillshade,Hillshade,Terrain,What surrounds the parcel,object_storage,metadata.raster_catalog,raster,Geocode Spatial Solutions,none,5,COG,30 m,EPSG:4326,with DEM,proprietary,internal,no,national,P3,planned,Cartographic only
terrain.twi,Topographic wetness index,Terrain,Is the land safe,object_storage,metadata.raster_catalog,raster,Geocode Spatial Solutions,none,5,COG,30 m,EPSG:4326,with DEM,proprietary,internal,no,national,P1,planned,Flood proxy until proper flood maps
terrain.flow,Flow direction and accumulation,Terrain,Is the land safe,object_storage,metadata.raster_catalog,raster,Geocode Spatial Solutions,HydroSHEDS,5,COG,30 m,EPSG:4326,with DEM,proprietary,internal,no,national,P3,planned,Input to TWI and watersheds
terrain.watersheds,Watershed basins,Terrain,Is the land safe,postgis,terrain.watersheds,MultiPolygon,HydroSHEDS,Geocode Spatial Solutions,2,shapefile,varies,EPSG:4326,static,free with attribution,yes,no,national,P3,planned,
terrain.contours,Contour lines,Terrain,Can I build here,postgis,terrain.contours,MultiLineString,Geocode Spatial Solutions,none,5,derived,5 m interval,EPSG:4326,with DEM,proprietary,internal,no,pilot_counties,P3,planned,For report maps
climate.rainfall,Rainfall grids,Climate,Can I farm here,object_storage,metadata.raster_catalog,raster,CHIRPS,KMD,3,COG,5 km,EPSG:4326,monthly,public domain,yes,no,national,P1,planned,Annual and seasonal totals per parcel
climate.temperature,Temperature,Climate,Can I farm here,object_storage,metadata.raster_catalog,raster,ERA5,NASA POWER,2,COG,9 km,EPSG:4326,monthly,free with attribution,yes,yes,national,P2,planned,
climate.solar,Solar radiation,Climate,Is electricity nearby,object_storage,metadata.raster_catalog,raster,Global Solar Atlas,NASA POWER,3,COG,1 km,EPSG:4326,static,CC-BY-4.0,yes,yes,national,P3,planned,Off-grid solar potential
climate.wind,Wind speed,Climate,Can I build here,object_storage,metadata.raster_catalog,raster,Global Wind Atlas,NASA POWER,3,COG,1 km,EPSG:4326,static,CC-BY-4.0,yes,no,national,P3,planned,
climate.evapotranspiration,Evapotranspiration,Climate,Can I farm here,object_storage,metadata.raster_catalog,raster,NASA POWER,ERA5,2,COG,9 km,EPSG:4326,monthly,public domain,yes,yes,national,P3,planned,
climate.drought,Drought index SPI,Climate,Can I farm here,object_storage,metadata.raster_catalog,raster,Geocode Spatial Solutions,NDMA,5,COG,5 km,EPSG:4326,monthly,proprietary,internal,no,national,P2,planned,Computed from CHIRPS; NDMA bulletins validate
soils.soil_type,Soil type WRB class,Soils,Can I farm here,object_storage,metadata.raster_catalog,raster,iSDAsoil,SoilGrids,3,COG,30 m,EPSG:4326,static,CC-BY-4.0,yes,yes,national,P1,planned,
soils.ph,Soil pH,Soils,Can I farm here,object_storage,metadata.raster_catalog,raster,iSDAsoil,SoilGrids,3,COG,30 m,EPSG:4326,static,CC-BY-4.0,yes,yes,national,P1,planned,
soils.texture,Soil texture clay sand silt,Soils,Can I build here,object_storage,metadata.raster_catalog,raster,iSDAsoil,SoilGrids,3,COG,30 m,EPSG:4326,static,CC-BY-4.0,yes,yes,national,P1,planned,Clay content affects foundations and black cotton risk
soils.organic_carbon,Organic carbon,Soils,Can I farm here,object_storage,metadata.raster_catalog,raster,iSDAsoil,SoilGrids,3,COG,30 m,EPSG:4326,static,CC-BY-4.0,yes,yes,national,P2,planned,
soils.depth,Soil depth to bedrock,Soils,Can I build here,object_storage,metadata.raster_catalog,raster,iSDAsoil,SoilGrids,3,COG,30 m,EPSG:4326,static,CC-BY-4.0,yes,yes,national,P2,planned,
soils.drainage,Drainage class,Soils,Is the land safe,object_storage,metadata.raster_catalog,raster,Geocode Spatial Solutions,SoilGrids,5,COG,30 m,EPSG:4326,static,proprietary,internal,no,national,P2,planned,Derived from texture and TWI
soils.fertility,Fertility index,Soils,Can I farm here,object_storage,metadata.raster_catalog,raster,Geocode Spatial Solutions,iSDAsoil,5,COG,30 m,EPSG:4326,static,proprietary,internal,no,national,P2,planned,Composite of pH carbon nutrients
satellite.ndvi,Vegetation index NDVI,Satellite Products,Can I farm here,object_storage,metadata.raster_catalog,raster,Sentinel-2,Landsat,2,COG,10 m,EPSG:4326,monthly composite,free and open,yes,yes,national,P1,planned,Via Google Earth Engine export
satellite.landcover,Land cover,Satellite Products,Can I build here,object_storage,metadata.raster_catalog,raster,ESA WorldCover,Sentinel-2,2,COG,10 m,EPSG:4326,annual,CC-BY-4.0,yes,yes,national,P1,planned,
satellite.builtup,Built-up surface,Satellite Products,Is the area developing,object_storage,metadata.raster_catalog,raster,GHSL,ESA WorldCover,2,COG,10 m,EPSG:4326,per epoch,free with attribution,yes,no,national,P1,planned,Percent built within 1 km of parcel
satellite.urban_growth,Urban growth trend,Satellite Products,Is the area developing,object_storage,metadata.raster_catalog,raster,GHSL,VIIRS Nightlights,2,COG,10 m,EPSG:4326,per epoch,free with attribution,yes,no,national,P2,planned,Change between GHSL epochs
satellite.surface_water,Surface water occurrence,Satellite Products,Is the land safe,object_storage,metadata.raster_catalog,raster,JRC Global Surface Water,none,2,COG,30 m,EPSG:4326,annual,free with attribution,yes,yes,national,P2,planned,Historic flooding evidence
demographics.population,Population count and density,Demographics,Is the area developing,postgis,demographics.population_stats,zonal,WorldPop,KNBS,3,GeoTIFF to zonal,100 m,EPSG:4326,annual,CC-BY-4.0,yes,yes,national,P1,planned,Zonal stats per ward
demographics.growth,Population growth,Demographics,Is the area developing,postgis,demographics.population_stats,zonal,KNBS,WorldPop,1,tables,county,n/a,per census,GoK open,yes,no,national,P2,planned,Intercensal rates
demographics.nightlights,Night-time lights,Demographics,Is the area developing,postgis,demographics.nightlights_stats,zonal,VIIRS Nightlights,none,2,GeoTIFF to zonal,500 m,EPSG:4326,annual,free with attribution,yes,no,national,P1,planned,Trend is the development signal
demographics.poverty,Poverty rates,Demographics,Is the area developing,postgis,demographics.population_stats,zonal,KNBS,WorldPop,1,tables,county,n/a,per survey,GoK open,yes,no,national,P3,planned,Context for pricing
connectivity.towers,Mobile towers,Connectivity,Is internet available,postgis,connectivity.towers,Point,OpenCellID,OpenStreetMap,4,CSV,point,EPSG:4326,quarterly,CC-BY-SA-4.0,share-alike,yes,national,P1,planned,Share-alike license; review before commercial use
connectivity.coverage,Mobile coverage 2G to 5G,Connectivity,Is internet available,postgis,connectivity.coverage,MultiPolygon,Communications Authority,OpenCellID,1,maps,varies,varies,annual,no,no,no,national,P1,planned,CA maps likely not redistributable; derive own from towers if blocked
connectivity.fiber,Fiber network,Connectivity,Is internet available,postgis,connectivity.fiber,MultiLineString,Communications Authority,OpenStreetMap,1,by request,varies,varies,annual,no,no,no,national,P3,planned,NOFBI backbone
hazards.flood,Flood hazard,Hazards,Is the land safe,object_storage,metadata.raster_catalog,raster,Geocode Spatial Solutions,JRC Global Surface Water,5,COG,30 m,EPSG:4326,annual,proprietary,internal,no,national,P1,planned,HAND and TWI proxy plus historic water; flag as modelled
hazards.landslide,Landslide susceptibility,Hazards,Is the land safe,object_storage,metadata.raster_catalog,raster,Geocode Spatial Solutions,none,5,COG,30 m,EPSG:4326,annual,proprietary,internal,no,national,P2,planned,Slope plus rainfall plus soil model
hazards.earthquake,Seismic hazard,Hazards,Is the land safe,object_storage,metadata.raster_catalog,raster,USGS Earthquakes,none,2,catalogue,varies,EPSG:4326,static,public domain,yes,yes,national,P3,planned,Low salience in Kenya; report footnote
hazards.erosion,Erosion risk,Hazards,Can I farm here,object_storage,metadata.raster_catalog,raster,Geocode Spatial Solutions,none,5,COG,30 m,EPSG:4326,annual,proprietary,internal,no,national,P3,planned,RUSLE model
hazards.drought,Drought exposure,Hazards,Can I farm here,postgis,climate.zonal_stats,zonal,NDMA,Geocode Spatial Solutions,1,bulletins,county,n/a,monthly,GoK open,yes,no,national,P2,planned,NDMA phase classification per county
hazards.wildfire,Fire history,Hazards,Is the land safe,postgis,metadata.raster_catalog,Point,NASA FIRMS,none,2,CSV,point,EPSG:4326,daily archive,public domain,yes,yes,national,P3,planned,Rangeland counties mainly
