a1,9882527.12,276003.8
a2,9882527.68,275997.39
a3,9882546.11,275981.61
a4,9882556.47,275993.71
a5,9882544.15,276024.54
a6,9882534.37,276012.63
a7,9882560.71,275969.11
a8,9882619.1,275919.1
a9,9882633.69,275906.6
a10,9882645.2,275896.74
a11,9882575.31,275956.61
a12,9882589.9,275944.1
a13,9882604.5,275931.6
a14,9882634.35,275936.91
a15,9882619.76,275949.41
a16,9882605.16,275961.92
a17,9882676.2,275926.03
a18,9882663.87,275911.63
a19,9882648.95,275924.41
a20,9882590.56,275974.42
a21,9882576.62,276017.24
a22,9882566.49,276005.41
a23,9882561.37,275999.42
a24,9882575.96,275986.92
a25,9882551.18,276033.1
a26,9882557.45,276033.65
a27,9882651.54,275897.23
a28,9882560.09,275958.05
a29,9882541.1,275935.87
a30,9882548.4,275968.07
a31,9882564.48,275915.84
a32,9882571.79,275948.04
a33,9882552.79,275925.86
a34,9882529.4,275945.89
a35,9882506.02,275965.92
a36,9882513.32,275998.11
a37,9882494.32,275975.93
a38,9882536.71,275978.08
a39,9882517.71,275955.9
a40,9882525.01,275988.1
a41,9882618.58,275869.51
a42,9882630.25,275897.96
a43,9882611.26,275875.78
a44,9882639.48,275890.06
a45,9882639.97,275883.72
a46,9882628.45,275870.27
a47,9882618.56,275907.98
a48,9882595.17,275928.01
a49,9882576.18,275905.83
a50,9882583.48,275938.02
a51,9882599.56,275885.8
a52,9882606.87,275917.99
a53,9882587.87,275895.81
a54,9882675.71,275932.37
a55,9882633.38,276045.32
a56,9882647.27,276033.43
a57,9882661.15,276021.54
a58,9882594.43,276078.68
a59,9882605.6,276069.11
a60,9882619.49,276057.22
a61,9882675.04,276009.64
a62,9882714.1,275970.27
a63,9882701,275954.98
a64,9882686.8,275967.15
a65,9882688.93,275997.75
a66,9882702.82,275985.85
a67,9882713.6,275976.61
a68,9882599.65,276179.57
a69,9882605.98,276180.2
a70,9882614.84,276190.98
a71,9882594.17,276207.95
a72,9882585.12,276197.33
a73,9882585.68,276191.05
a74,9882626.24,276204.86
a75,9882669.82,276264.99
a76,9882670.14,276258.32
a77,9882588.16,276078.13
a78,9882637.83,276218.98
a79,9882649.63,276233.34
a80,9882661.47,276247.76
a81,9882672.91,275979.04
a82,9882656.89,275960.34
a83,9882670.78,275948.44
a84,9882681.57,275939.21
a85,9882615.23,275996.02
a86,9882629.12,275984.13
a87,9882643,275972.23
a88,9882687.91,275939.7
a89,9882635.01,275967.23
a90,9882649.61,275954.73
a91,9882664.21,275942.22
a92,9882591.22,276004.73
a93,9882605.82,275992.23
a94,9882620.41,275979.73
a95,9882617.36,276026.62
a96,9882603.47,276038.52
a97,9882589.58,276050.41
a98,9882659.02,275990.94
a99,9882645.14,276002.83
a100,9882631.25,276014.73
a101,9882589.8,276050.66
a102,9882573.56,276031.71
a103,9882587.45,276019.81
a104,9882601.34,276007.92
a105,9882575.6,276062.83
a106,9882562.61,276047.01
a107,9882563.17,276040.61
a108,9882725.11,276111.33
a109,9882714.41,276120.49
a110,9882703.72,276129.64
a111,9882711.94,276080.74
a112,9882718.28,276081.23
a113,9882736.04,276101.97
a114,9882693.03,276138.8
a115,9882661.2,276167.08
a116,9882678.04,276187.58
a117,9882684.32,276188.13
a118,9882682.34,276147.96
a119,9882671.65,276157.12
a120,9882672.15,276157.7
a121,9882706.08,276073.9
a122,9882706.57,276067.56
a123,9882643.38,276145.38
a124,9882675.16,276100.39
a125,9882686.52,276090.66
a126,9882697.88,276080.93
a127,9882643.94,276138.97
a128,9882683.04,276105.49
a129,9882693.73,276096.34
a130,9882704.42,276087.18
a131,9882650.96,276132.96
a132,9882661.65,276123.81
a133,9882672.34,276114.65
a134,9882692.33,276181.27
a135,9882607.09,276162.64
a136,9882618.36,276149.04
a137,9882620.31,276151.32
a138,9882629.94,276190.46
a139,9882620.42,276178.87
a140,9882609.02,276164.94
a141,9882622.26,276153.59
a142,9882643.21,276159.35
a143,9882652.73,276170.94
a144,9882662.25,276182.53
a145,9882624.21,276155.87
a146,9882630.27,276150.68
a147,9882636.55,276151.23
a148,9882735.1,276144.64
a149,9882745.79,276135.48
a150,9882753.31,276129.05
a151,9882703.02,276172.11
a152,9882713.72,276162.95
a153,9882724.41,276153.8
a154,9882753.8,276122.7
a155,9882658.5,276225.24
a156,9882648.98,276213.65
a157,9882639.46,276202.05
a158,9882677.69,276248.61
a159,9882686.78,276247.92
a160,9882668.02,276236.84
a161,9882663.8,276110.12
a162,9882520.28,276009.66
a163,9882526.95,276017.77
a164,9882536.47,276029.37
a165,9882505.4,276012.53
a166,9882507.35,276014.81
a167,9882514.01,276009.1
a168,9882545.99,276040.96
a169,9882581.64,276084.37
a170,9882581.14,276090.07
a171,9882573.47,276096.63
a172,9882555.51,276052.56
a173,9882565.03,276064.15
a174,9882574.55,276075.75
a175,9882473.37,275999.8
a176,9882551.76,276095.26
a177,9882542.24,276083.67
a178,9882482.63,275985.95
a179,9882501.62,276008.13
a180,9882473.93,275993.4
a181,9882532.72,276072.08
a182,9882492.73,276023.38
a183,9882490.83,276021.06
a184,9882503.44,276010.25
a185,9882523.2,276060.48
a186,9882513.68,276048.89
a187,9882504.16,276037.29
a188,9882563.27,276109.32
a189,9882655.65,276077.6
a190,9882644.29,276087.33
a191,9882632.93,276097.06
a192,9882689.99,276048.19
a193,9882678.37,276058.14
a194,9882667.01,276067.87
a195,9882621.53,276106.82
a196,9882629.78,276139.25
a197,9882641.05,276129.6
a198,9882652.44,276119.85
a199,9882610.27,276116.47
a200,9882598.84,276126.25
a201,9882586.61,276136.72
a202,9882579.33,276103.47
a203,9882590.75,276093.68
a204,9882602.02,276084.03
a205,9882565.2,276111.62
a206,9882575.43,276098.91
a207,9882577.38,276101.19
a208,9882613.41,276074.28
a209,9882658.85,276035.36
a210,9882667.05,276028.33
a211,9882673.4,276028.82
a212,9882624.77,276064.55
a213,9882636.13,276054.82
a214,9882647.49,276045.09
a215,9882597.62,275867.71
a216,9882570.09,275891.29
a217,9882556.49,275873.77
a218,9882577.89,275830.87
a219,9882590.62,275847.29
a220,9882600.18,275859.6
a221,9882543.76,275857.35
a222,9882492.82,275791.71
a223,9882483.47,275779.66
a224,9882476.36,275785.17
a225,9882531.02,275840.94
a226,9882518.29,275824.53
a227,9882505.56,275808.12
a228,9882554.25,275764.13
a229,9882547.35,275769.49
a230,9882541.04,275768.69
a231,9882535.18,275739.54
a232,9882522.35,275749.5
a233,9882519.98,275751.34
a234,9882534.07,275759.71
a235,9882539.69,275781.64
a236,9882552.42,275798.05
a237,9882565.16,275814.46
a238,9882531.7,275761.55
a239,9882529.33,275763.39
a240,9882526.96,275765.23
a241,9882517.7,275838.46
a242,9882410.88,275835.98
a243,9882396.7,275846.97
a244,9882382.53,275857.97
a245,9882459.77,275798.04
a246,9882446.86,275815.66
a247,9882436.07,275816.43
a248,9882368.35,275868.97
a249,9882337.49,275954.84
a250,9882398.34,275907.63
a251,9882412.52,275896.63
a252,9882304.97,275918.15
a253,9882304.39,275924.27
a254,9882330.95,275954.23
a255,9882554.48,275885.86
a256,9882563.24,275897.15
a257,9882543.85,275913.77
a258,9882526.9,275850.31
a259,9882536.09,275862.16
a260,9882545.29,275874.01
a261,9882537.67,275913.14
a262,9882503.2,275868.7
a263,9882494,275856.85
a264,9882456.34,275808.3
a265,9882530.78,275904.25
a266,9882521.58,275892.4
a267,9882512.39,275880.55
a268,9882546.54,275730.72
a269,9882672.67,275672.26
a270,9882684.04,275663.44
a271,9882695.4,275654.62
a272,9882645.19,275693.58
a273,9882656.56,275684.76
a274,9882667.93,275675.94
a275,9882706.77,275645.8
a276,9882746,275615.37
a277,9882752.05,275610.19
a278,9882763.26,275600.59
a279,9882718.14,275636.99
a280,9882729.51,275628.17
a281,9882740.87,275619.35
a282,9882573.88,275758.88
a283,9882552.18,275775.71
a284,9882551.38,275782.03
a285,9882607.94,275750.61
a286,9882601.9,275742.83
a287,9882595.59,275742.04
a288,9882565.62,275755.31
a289,9882611.09,275720.04
a290,9882622.46,275711.22
a291,9882633.83,275702.4
a292,9882576.99,275746.49
a293,9882588.36,275737.67
a294,9882599.72,275728.86
a295,9882774.74,275590.76
a296,9882653.59,275647.67
a297,9882648.85,275651.35
a298,9882637.48,275660.17
a299,9882687.7,275621.22
a300,9882676.33,275630.04
a301,9882664.96,275638.85
a302,9882626.12,275668.99
a303,9882580.65,275704.27
a304,9882569.28,275713.09
a305,9882557.91,275721.91
a306,9882614.75,275677.81
a307,9882603.38,275686.63
a308,9882592.01,275695.45
a309,9882810.77,275571.75
a310,9882791.34,275546.7
a311,9882783.19,275547.13
a312,9882786.51,275580.67
a313,9882792.36,275575.67
a314,9882798.21,275582.5
a315,9882769.02,275558.12
a316,9882721.8,275594.76
a317,9882710.43,275603.58
a318,9882699.06,275612.4
a319,9882756.78,275567.62
a320,9882744.85,275576.87
a321,9882733.21,275585.91
a322,9882474.23,276072.8
a323,9882503.92,276082.56
a324,9882486.95,276061.9
a325,9882477.85,276103.96
a326,9882461.33,276083.84
a327,9882490.97,276093.19
a328,9882496.38,276053.82
a329,9882563.21,276178.88
a330,9882588.11,276158.43
a331,9882594.56,276166.28
a332,9882502.66,276054.37
a333,9882516.99,276071.83
a334,9882539.38,276198.45
a335,9882464.11,276035.47
a336,9882477.63,276023.9
a337,9882491.23,276040.46
a338,9882424.78,276069.15
a339,9882437.67,276058.11
a340,9882450.89,276046.79
a341,9882490.67,276046.87
a342,9882441.98,276088.56
a343,9882464.99,276114.52
a344,9882447.95,276095.3
a345,9882480.57,276055.52
a346,9882467.35,276066.84
a347,9882454.13,276078.16
a348,9882593.94,276172.62
a349,9882639.36,276274.84
a350,9882641.68,276272.94
a351,9882651.02,276283.9
a352,9882620.24,276289.69
a353,9882632.04,276303
a354,9882638.61,276273.96
a355,9882653.14,276281.76
a356,9882629.73,276249.67
a357,9882617.68,276235.53
a358,9882605.83,276221.63
a359,9882644.01,276271.05
a360,9882646.34,276269.16
a361,9882642.18,276264.28
a362,9882583.85,276248.64
a363,9882572.12,276235.39
a364,9882560.53,276222.32
a365,9882572.72,276190.04
a366,9882607.82,276275.68
a367,9882595.75,276262.06
a368,9882549.11,276209.42
a369,9882603.37,276232.61
a370,9882615,276246.26
a371,9882626.79,276260.1
a372,9882569.4,276192.76
a373,9882580.57,276205.87
a374,9882591.9,276219.15
a375,9882407.82,276050.02
a376,9882445.92,275885.91
a377,9882428.82,275899.17
a378,9882411.73,275912.44
a379,9882483.29,275862.61
a380,9882476.97,275861.82
a381,9882463.02,275872.64
a382,9882394.63,275925.7
a383,9882344.89,275969.97
a384,9882365.01,275992.67
a385,9882371.55,275993.28
a386,9882377.53,275938.97
a387,9882360.43,275952.23
a388,9882345.47,275963.84
a389,9882469.49,275844.84
a390,9882384.49,275983.24
a391,9882401.59,275969.98
a392,9882426.7,275885.63
a393,9882440.87,275874.64
a394,9882468.43,275853.25
a395,9882418.69,275956.71
a396,9882487.08,275903.65
a397,9882501.03,275892.83
a398,9882501.83,275886.51
a399,9882435.79,275943.45
a400,9882452.88,275930.18
a401,9882469.98,275916.92
a402,9882417.61,275991.9
a403,9882375.54,275997.78
a404,9882374.97,276003.91
a405,9882387.32,276017.84
a406,9882436.51,275950.48
a407,9882419.99,275963.3
a408,9882403.84,275975.83
a409,9882399.44,276031.52
a410,9882447.88,276015.71
a411,9882434.66,276027.03
a412,9882421.44,276038.35
a413,9882405.85,276031.96
a414,9882464.25,276007.61
a415,9882457.98,276007.06
a416,9882480.08,275968.38
a417,9882496.78,275954.08
a418,9882513.26,275940.05
a419,9882432.42,276009.2
a420,9882447.92,275995.92
a421,9882463.79,275982.33
a422,9882527.89,275927.43
a423,9882489.48,275909.39
a424,9882470.87,275923.82
a425,9882453.48,275937.32
a426,9882528.47,275921.72
a427,9882511.02,275898.37
a428,9882504.71,275897.57
a429,9882671.77,276194.13
a430,9882946.36,275719.5
a431,9882952.51,275714.73
a432,9882959.27,275715.13
a433,9882908.17,275749.13
a434,9882924.07,275736.79
a435,9882935.22,275728.15
a436,9882940.49,275764.64
a437,9882979.08,275734.7
a438,9882991.95,275747.41
a439,9882961.9,275777.84
a440,9882943.73,275762.13
a441,9882954.87,275753.48
a442,9882966.01,275744.84
a443,9882928.57,275808.17
a444,9882942.2,275821.64
a445,9882964.41,275843.58
a446,9882864.78,275785.49
a447,9882894.11,275795.91
a448,9882923.43,275806.34
a449,9882986.6,275865.43
a450,9883057.55,275897.78
a451,9883058.83,275894.36
a452,9882908.85,275753.4
a453,9883008.79,275887.24
a454,9883018.47,275896.76
a455,9883026.18,275899.64
a456,9882976.87,275792.63
a457,9883126.99,275880.75
a458,9883112.26,275925.84
a459,9883142.08,275895.65
a460,9883082.04,275896.14
a461,9883111.93,275865.88
a462,9883097.14,275910.98
a463,9883124.07,275937.54
a464,9883165.28,275946.36
a465,9883159.74,275913.09
a466,9883174.14,275923.09
a467,9883128.24,275939.93
a468,9883133.51,275942.95
a469,9883157.21,275910.59
a470,9883006.8,275822.19
a471,9883036.89,275791.72
a472,9883021.81,275836.95
a473,9883006.92,275762.19
a474,9882991.83,275807.42
a475,9883021.89,275776.97
a476,9883051.84,275806.54
a477,9883081.85,275836.17
a478,9883066.96,275881.31
a479,9883096.88,275851.02
a480,9883036.85,275851.72
a481,9883066.83,275821.35
a482,9883051.89,275866.51
a483,9882835.46,275775.06
a484,9882761.73,275787.96
a485,9882739.79,275806.71
a486,9882717.88,275825.51
a487,9882709.16,275850.75
a488,9882781.22,275765.34
a489,9882780.73,275771.68
a490,9882695.83,275844.4
a491,9882762.97,275934.33
a492,9882729.55,275962.95
a493,9882723.21,275962.46
a494,9882693.55,275846.35
a495,9882732.19,275891.47
a496,9882763.46,275927.99
a497,9882790.9,275853.62
a498,9882771.44,275830.89
a499,9882751.97,275808.16
a500,9882813.64,275834.15
a501,9882794.18,275811.42
a502,9882774.71,275788.69
a503,9882768.17,275873.09
a504,9882742.24,275889.37
a505,9882725.7,275870.06
a506,9882709.65,275844.41
a507,9882748.7,275850.37
a508,9882729.23,275827.64
a509,9882748.59,275889.86
a510,9882691.93,275925.95
a511,9882874.83,275757.22
a512,9882845.51,275746.8
a513,9882816.18,275736.37
a514,9882944.5,275781.99
a515,9882933.48,275778.07
a516,9882904.16,275767.65
a517,9882790.64,275727.29
a518,9882789.24,275756.26
a519,9882796.41,275761.18
a520,9882806.13,275764.64
a521,9882782.98,275728.71
a522,9882776.4,275734.34
a523,9882775.91,275740.69
a524,9882675.55,275820.72
a525,9882697.6,275801.83
a526,9882719.53,275783.05
a527,9882637.57,275862.47
a528,9882638.33,275852.6
a529,9882673.27,275822.67
a530,9882741.45,275764.28
a531,9883007.62,275844.03
a532,9882985.42,275822.21
a533,9882963.15,275800.32
a534,9882760.45,275748
a535,9882766.8,275748.49
a536,9883029.82,275865.85
a537,9882922.87,275660.24
a538,9882930.73,275653.52
a539,9882939.87,275639.76
a540,9882908.32,275671.13
a541,9882914.94,275671.36
a542,9882922.66,275666.33
a543,9882927.8,275650.1
a544,9882896.18,275681.53
a545,9882889.42,275675.95
a546,9882880.29,275695.14
a547,9882924.33,275646.05
a548,9882912.7,275656.02
a549,9882901.06,275665.99
a550,9882901.07,275743.24
a551,9882898.1,275745.55
a552,9882890.3,275746.8
a553,9882936.89,275715.45
a554,9882925.21,275724.52
a555,9882913.34,275733.73
a556,9882878.37,275725.06
a557,9882910.15,275697.84
a558,9882916.88,275692.08
a559,9882927.08,275683.34
a560,9882882.48,275721.54
a561,9882894.26,275711.45
a562,9882905.66,275701.69
a563,9882877.78,275685.92
a564,9882893.72,275633.86
a565,9882903.4,275625.57
a566,9882905.36,275623.9
a567,9882858.81,275663.77
a568,9882870.44,275653.8
a569,9882882.08,275643.83
a570,9882915.24,275615.44
a571,9882812.59,275524.32
a572,9882818.4,275519.81
a573,9882819.99,275518.58
a574,9882901.93,275602.3
a575,9882866.96,275567.76
a576,9882813.14,275534.56
a577,9882857.74,275709.63
a578,9882854.5,275705.86
a579,9882847.82,275718.13
a580,9882864.4,275708.75
a581,9882866.14,275695.89
a582,9882860.12,275712.41
a583,9882864.17,275737.22
a584,9882825.61,275692.2
a585,9882835.53,275683.7
a586,9882847.17,275673.73
a587,9882864.53,275737.64
a588,9882806.6,275717.04
a589,9882805.23,275709.65
a590,9882946.05,275708.35
a591,9883104.28,275845.68
a592,9883126.07,275823.62
a593,9883093.99,275835.51
a594,9883146.66,275843.96
a595,9883114.58,275855.85
a596,9883136.36,275833.79
a597,9883115.77,275813.46
a598,9883095.18,275793.12
a599,9883063.1,275805.01
a600,9883084.88,275782.95
a601,9883083.69,275825.35
a602,9883105.47,275803.29
a603,9883073.4,275815.18
a604,9883175.3,275920.03
a605,9883188.52,275885.3
a606,9883187.84,275884.63
a607,9883161.85,275910.96
a608,9883163.95,275908.82
a609,9883166.06,275906.69
a610,9883155.77,275896.52
a611,9883135.17,275876.18
a612,9883156.95,275854.13
a613,9883124.88,275866.02
a614,9883177.55,275874.46
a615,9883145.47,275886.35
a616,9883167.25,275864.29
a617,9883052.8,275794.85
a618,9882992.21,275691.45
a619,9882960.14,275703.34
a620,9882981.92,275681.28
a621,9882980.73,275723.67
a622,9883002.51,275701.62
a623,9882970.43,275713.51
a624,9882949.84,275693.17
a625,9882929.25,275672.84
a626,9882951.03,275650.78
a627,9882946.4,275702.43
a628,9882971.62,275671.11
a629,9882939.54,275683.01
a630,9882961.32,275660.95
a631,9883032.21,275774.51
a632,9883053.99,275752.45
a633,9883021.91,275764.34
a634,9883074.58,275772.79
a635,9883042.51,275784.68
a636,9883064.29,275762.62
a637,9883043.7,275742.29
a638,9883023.1,275721.95
a639,9882991.02,275733.84
a640,9883012.81,275711.78
a641,9883011.62,275754.18
a642,9883033.4,275732.12
a643,9883001.32,275744.01
a644,9882844.65,276065.82
a645,9882813,276071.92
a646,9882834.27,276053.7
a647,9882833.44,276100.39
a648,9882827.29,276088.6
a649,9882823.38,276084.04
a650,9882802.62,276059.8
a651,9882781.86,276035.55
a652,9882803.12,276017.34
a653,9882771.47,276023.43
a654,9882823.89,276041.58
a655,9882792.24,276047.67
a656,9882813.5,276029.46
a657,9882762.04,276026.25
a658,9882771.77,276037.61
a659,9882781.51,276048.98
a660,9882732.83,275992.15
a661,9882742.57,276003.51
a662,9882752.3,276014.88
a663,9882791.24,276060.35
a664,9882822.73,276092.5
a665,9882825.01,276090.55
a666,9882831.32,276102.53
a667,9882800.98,276071.72
a668,9882810.72,276083.08
a669,9882820.45,276094.45
a670,9882792.74,276005.22
a671,9882834.77,276011.25
a672,9882845.15,276023.37
a673,9882855.53,276035.49
a674,9882803.63,275974.88
a675,9882814.01,275987
a676,9882824.39,275999.12
a677,9883100.18,275934.99
a678,9883029.64,275938.51
a679,9883000.3,275940.25
a680,9882992.15,275940.73
a681,9883100.69,275939.42
a682,9883069.94,275936.11
a683,9883058.98,275936.76
a684,9882771.98,275980.97
a685,9882761.6,275968.85
a686,9882740.33,275987.07
a687,9882782.36,275993.09
a688,9882761.09,276011.31
a689,9882750.71,275999.19
a690,9882732.64,275978.09
a691,9882775.17,275941.66
a692,9882782.86,275950.64
a693,9882793.24,275962.76
a694,9882733.13,275971.74
a695,9882750.98,275956.45
a696,9882768.83,275941.17
a697,9882725.8,275983.94
a698,9882727.69,276162.83
a699,9882758.66,276175.62
a700,9882739.24,276152.95
a701,9882737.56,276196.84
a702,9882716.59,276172.35
a703,9882747.91,276186.44
a704,9882769.86,276164.35
a705,9882768.04,276139.33
a706,9882782.52,276151.62
a707,9882784.64,276149.49
a708,9882751.27,276142.64
a709,9882759.16,276135.88
a710,9882765.51,276136.37
a711,9882704.88,276229.72
a712,9882707.01,276227.58
a713,9882693.96,276216.42
a714,9882690.81,276217.32
a715,9882681.29,276205.72
a716,9882691.68,276218.37
a717,9882696.23,276214.46
a718,9882727.58,276206.88
a719,9882718.07,276195.77
a720,9882705.87,276181.52
a721,9882698.51,276212.51
a722,9882689.47,276201.5
a723,9882690.03,276195.09
a724,9882770.32,276137.38
a725,9882706.73,276053.91
a726,9882729.52,276034.4
a727,9882697,276042.54
a728,9882748.99,276057.13
a729,9882716.44,276065.3
a730,9882739.25,276045.76
a731,9882719.78,276023.03
a732,9882680.72,276016.63
a733,9882700.09,276000.04
a734,9882719.46,275983.45
a735,9882687.26,276031.18
a736,9882710.05,276011.66
a737,9882680.23,276022.97
a738,9882797.67,276113.96
a739,9882765.14,276122.11
a740,9882787.93,276102.6
a741,9882772.6,276135.43
a742,9882774.88,276133.48
a743,9882807.98,276126.01
a744,9882755.41,276110.75
a745,9882735.94,276088.01
a746,9882758.72,276068.5
a747,9882726.2,276076.64
a748,9882778.19,276091.23
a749,9882745.67,276099.38
a750,9882768.46,276079.86
a751,9882799.32,275858.27
a752,9882820.07,275840.49
a753,9882814.39,275882.78
a754,9882843.31,275937.28
a755,9882843.55,275930.67
a756,9882798.83,275864.61
a757,9882838.56,275862.08
a758,9882855.77,275884.35
a759,9882856.84,275883.43
a760,9882874.35,275906.04
a761,9882832.67,275904.13
a762,9882849.92,275924.26
a763,9882856.02,275924.49
a764,9882754.44,275896.7
a765,9882774.57,275927.12
a766,9882797.85,275954.3
a767,9882814.23,275966.53
a768,9882808.13,275966.3
a769,9882753.95,275903.04
a770,9882816.88,275938
a771,9882791.99,275870.46
a772,9882812.61,275894.54
a773,9882835.89,275921.72
a774,9882793.6,275910.82
a775,9882770.05,275883.33
a776,9882785.64,275869.97
a777,9882894.72,275885.56
a778,9882921.04,275815.04
a779,9882900.27,275807.66
a780,9882874.93,275798.65
a781,9882940.73,275839.27
a782,9882940.69,275832.93
a783,9882923.31,275815.85
a784,9882867.27,275800.07
a785,9882817.06,275791.82
a786,9882800.13,275772.06
a787,9882792.47,275773.48
a788,9882857.49,275796.59
a789,9882856.67,275792.16
a790,9882836.53,275814.55
a791,9882840.86,275822.69
a792,9882847.2,275823.18
a793,9882854.53,275810.98
a794,9882894.97,275878.95
a795,9882881.15,275862.62
a796,9882862.77,275841.35
a797,9882854.04,275817.32
a798,9882881.26,275849.11
a799,9882900.72,275832.43
a800,9882923.56,275856.54
a801,9882868.83,275834.59
a802,9882901.33,275872.54
a803,9882907.43,275872.77
a804,9882953.53,275845.55
a805,9882943.26,275947.36
a806,9882963.98,275926.52
a807,9882978.95,275911.47
a808,9882881.1,276009.89
a809,9882901.82,275989.05
a810,9882922.54,275968.2
a811,9882998.52,275910.3
a812,9883073.9,275909.17
a813,9882859.26,276019.1
a814,9882853.16,276018.88
a815,9883027.86,275908.56
a816,9883057.2,275906.82
a817,9883066.2,275906.28
a818,9882923.1,276010.2
a819,9882902.38,276031.04
a820,9882879.41,276054.15
a821,9882985.26,275947.67
a822,9882964.54,275968.51
a823,9882943.82,275989.35
a824,9882877.29,276056.28
a825,9882872.75,276041.76
a826,9882864.88,276032.57
a827,9882865.13,276025.96
a828,9882865.92,276047.61
a829,9882868.19,276045.66
a830,9882870.47,276043.71
a831,9882837.28,276000.34
a832,9882974.98,275902.69
a833,9883005.08,275900.9
a834,9883006.37,275897.48
a835,9882921.82,275913.62
a836,9882900.54,275892.47
a837,9882964.36,275913.37
a838,9882982.33,275873.85
a839,9882966.44,275858.23
a840,9882921.81,275871.07
a841,9882947.15,275845.58
a842,9882953.64,275902.71
a843,9882943.08,275892.22
a844,9882937.83,275887.01
a845,9882858.85,275978.64
a846,9882858.01,275977.8
a847,9882836.74,275956.65
a848,9882819.86,275980
a849,9882820.1,275973.39
a850,9882879.29,275998.95
a851,9882900.56,275977.56
a852,9882900.55,275935.01
a853,9882879.27,275913.86
a854,9882943.09,275934.77
a855,9882879.28,275956.41
a856,9882858,275935.26
a857,9882921.82,275956.16
a858,9882616.54,275761.7
a859,9882923.46,276109.07
a860,9882936.28,276096.17
a861,9882949.11,276083.27
a862,9882884.99,276147.77
a863,9882897.81,276134.87
a864,9882910.64,276121.97
a865,9882961.93,276070.37
a866,9882985.89,276016.8
a867,9882980.23,276016.82
a868,9882970.01,276027.1
a869,9882974.76,276057.47
a870,9882987.58,276044.57
a871,9883000.62,276031.45
a872,9882821.39,276246.88
a873,9882808.57,276259.78
a874,9882791,276242.32
a875,9882859.86,276208.18
a876,9882847.04,276221.08
a877,9882834.21,276233.98
a878,9882803.82,276229.42
a879,9882855.12,276177.82
a880,9882867.94,276164.92
a881,9882880.76,276152.02
a882,9882816.65,276216.52
a883,9882829.47,276203.62
a884,9882842.29,276190.72
a885,9882957.19,276040
a886,9882783.96,276260.97
a887,9882778.18,276255.22
a888,9882772.39,276249.47
a889,9882786.26,276211.96
a890,9882773.43,276224.86
a891,9882795.74,276272.68
a892,9882760.61,276237.76
a893,9882764.5,276280.55
a894,9882773.44,276289.44
a895,9882779.1,276289.42
a896,9882743.97,276254.5
a897,9882743.99,276260.16
a898,9882752.93,276269.05
a899,9882905.43,276092.08
a900,9882893.07,276104.51
a901,9882880.25,276117.41
a902,9882944.37,276052.9
a903,9882931.54,276065.81
a904,9882918.72,276078.71
a905,9882867.42,276130.31
a906,9882824.73,276173.26
a907,9882811.91,276186.16
a908,9882799.08,276199.06
a909,9882863.19,276134.56
a910,9882850.38,276147.45
a911,9882837.55,276160.36
a912,9882872.68,276195.28
a913,9882945.25,276009.19
a914,9882930.28,276024.24
a915,9882915.32,276039.3
a916,9882990.15,275964.02
a917,9882975.19,275979.08
a918,9882960.22,275994.13
a919,9882900.35,276054.36
a920,9882840.48,276114.58
a921,9882825.51,276129.64
a922,9882810.55,276144.7
a923,9882885.38,276069.42
a924,9882870.42,276084.47
a925,9882855.45,276099.53
a926,9883068.66,275969.09
a927,9883093.74,275971.7
a928,9883113.77,275973.85
a929,9883011.63,275972.48
a930,9883018.31,275972.08
a931,9883043.49,275970.58
a932,9883119.85,275970.13
a933,9883042.43,275952.77
a934,9883017.26,275954.27
a935,9882998.75,275955.37
a936,9883124.81,275957.1
a937,9883095.65,275953.96
a938,9883067.59,275950.95
a939,9882795.58,276159.75
a940,9882992.32,276074.93
a941,9882979.5,276087.83
a942,9882966.67,276100.73
a943,9883015.35,276046.09
a944,9883015.37,276051.75
a945,9883005.15,276062.03
a946,9882953.85,276113.63
a947,9882902.55,276165.23
a948,9882898.32,276169.49
a949,9882885.51,276182.38
a950,9882941.03,276126.53
a951,9882928.2,276139.43
a952,9882915.38,276152.33
a953,9882735.71,276219.98
a954,9882717.62,276238.18
a955,9882695.73,276260.21
a956,9882780.61,276174.81
a957,9882765.65,276189.87
a958,9882750.68,276204.92
a959,9882694.42,276270.02
a960,9882746.6,276322.12
a961,9882766.76,276301.83
a962,9882766.74,276295.47
a963,9882732.65,276253.12
a964,9882732.68,276261.6
a965,9882740.44,276321.94
a966,9883026.96,276200.05
a967,9882832.15,276425.43
a968,9882838.31,276425.6
a969,9882965.71,276310.21
a970,9882993.84,276281.92
a971,9882995.41,276282.93
a972,9882847.23,276416.64
a973,9882889.73,276373.88
a974,9882900.2,276363.35
a975,9882910.66,276352.82
a976,9882858.32,276405.48
a977,9882868.79,276394.94
a978,9882879.26,276384.41
a979,9882861.18,276415.36
a980,9882871.75,276404.73
a981,9882882.33,276394.09
a982,9882844.11,276438.91
a983,9882844.29,276432.35
a984,9882850.6,276426
a985,9882892.9,276383.45
a986,9882934.68,276341.43
a987,9882944.72,276331.32
a988,9882954.77,276321.22
a989,9882903.48,276372.81
a990,9882914.05,276362.17
a991,9882924.63,276351.54
a992,9882921.13,276342.29
a993,9882920.88,276300.16
a994,9882910.41,276310.69
a995,9882899.94,276321.22
a996,9882952.29,276268.56
a997,9882941.82,276279.09
a998,9882931.35,276289.63
a999,9882889.47,276331.75
a1000,9882847.6,276373.88
a1001,9882837.13,276384.41
a1002,9882816.44,276407.69
a1003,9882879,276342.28
a1004,9882868.53,276352.81
a1005,9882858.07,276363.35
a1006,9882963.01,276300.16
a1007,9882973.48,276289.63
a1008,9882983.95,276279.1
a1009,9882931.6,276331.75
a1010,9882942.07,276321.22
a1011,9882952.54,276310.69
a1012,9882994.42,276268.57
a1013,9882983.69,276236.97
a1014,9882973.22,276247.5
a1015,9882962.76,276258.03
a1016,9883004.89,276258.03
a1017,9883011.58,276240.45
a1018,9882995.81,276224.78
a1019,9882862.27,276459.41
a1020,9882910.78,276467.59
a1021,9882921.57,276456.74
a1022,9882932.36,276445.89
a1023,9882891.96,276492.9
a1024,9882892.14,276486.34
a1025,9882900,276478.44
a1026,9882943.14,276435.04
a1027,9882878.01,276477.17
a1028,9882884.17,276477.34
a1029,9882893.16,276468.3
a1030,9882953.93,276424.19
a1031,9882973.32,276404.68
a1032,9882976.15,276405.98
a1033,9882973.01,276446.71
a1034,9882962.69,276457.1
a1035,9882951.91,276467.95
a1036,9882964.91,276498.52
a1037,9882969.49,276492.5
a1038,9882973.08,276445.81
a1039,9882943.09,276476.82
a1040,9882917.72,276515.67
a1041,9882910.51,276513.83
a1042,9882908.52,276511.59
a1043,9882941.12,276478.8
a1044,9882930.33,276489.65
a1045,9882919.55,276500.5
a1046,9882903.73,276457.66
a1047,9882947.03,276373.8
a1048,9882945.9,276372.69
a1049,9882935.33,276383.32
a1050,9882967.12,276353.59
a1051,9882958.3,276362.46
a1052,9882957.07,276363.69
a1053,9882924.76,276393.96
a1054,9882882.46,276436.51
a1055,9882871.88,276447.15
a1056,9882873.18,276448.44
a1057,9882914.18,276404.6
a1058,9882903.61,276415.24
a1059,9882893.03,276425.88
a1060,9882946.03,276415.11
a1061,9882956.61,276404.47
a1062,9882967.18,276393.84
a1063,9882914.31,276447.03
a1064,9882924.88,276436.39
a1065,9882935.46,276425.75
a1066,9882974.74,276386.23
a1067,9882982.25,276326.66
a1068,9882983.14,276315.16
a1069,9882977.17,276343.48
a1070,9882977.08,276381.12
a1071,9882978.26,276378.55
a1072,9882981.28,276339.34
a1073,9883107.71,276272.25
a1074,9883119.49,276260.77
a1075,9883145.9,276235.03
a1076,9883214.2,276208.15
a1077,9883192.35,276227.2
a1078,9883097.69,276289.74
a1079,9883171.12,276210.45
a1080,9883137.69,276278.75
a1081,9883115.17,276304.84
a1082,9883086.12,276338.48
a1083,9883190.08,276229.17
a1084,9883163.46,276252.37
a1085,9883151.37,276262.91
a1086,9883340.47,276091.16
a1087,9883340.26,276096.01
a1088,9883322.91,276110.38
a1089,9883298.52,276086.29
a1090,9883313.92,276071.27
a1091,9883320.35,276071.29
a1092,9883301.84,276127.84
a1093,9883248.08,276183.55
a1094,9883241.02,276188.67
a1095,9883217.19,276205.98
a1096,9883279.22,276146.58
a1097,9883273.65,276151.2
a1098,9883259.56,276169.02
a1099,9883079.08,276340.03
a1100,9883113.56,276249.8
a1101,9883099.66,276203.03
a1102,9883112.31,276215.53
a1103,9883090.93,276277.41
a1104,9883098.13,276264.83
a1105,9883090.52,276227.04
a1106,9883130.4,276233.39
a1107,9883113.27,276167.44
a1108,9883158.63,276199.59
a1109,9883165.06,276199.61
a1110,9883152.16,276212.17
a1111,9883152.18,276205.87
a1112,9883136.83,276190.7
a1113,9883048.52,276469.72
a1114,9883057.69,276448.23
a1115,9883065.03,276352.21
a1116,9883075.09,276338.21
a1117,9883073.23,276332.45
a1118,9883040.07,276474.58
a1119,9883061.27,276345.86
a1120,9883055.92,276329.5
a1121,9883062.26,276327.46
a1122,9883076.69,276263.35
a1123,9883050.36,276340.9
a1124,9883051.17,276330.39
a1125,9883052.16,276327.79
a1126,9883279.01,276105.3
a1127,9883072.88,276367.58
a1128,9883131.47,276394.5
a1129,9883084.59,276354.02
a1130,9883070.02,276404.95
a1131,9883126.05,276421.73
a1132,9883072.3,276375.12
a1133,9883144.02,276371.19
a1134,9883178.46,276318.22
a1135,9883144.48,276284.67
a1136,9883157.77,276269.27
a1137,9883103.94,276331.61
a1138,9883159.33,276342.79
a1139,9883124.23,276308.12
a1140,9882776.04,275529.9
a1141,9882790.72,275518.51
a1142,9883035.59,276532.79
a1143,9883467.91,276161.19
a1144,9882742.89,275504.46
a1145,9882761.7,275496.24
a1146,9883039.24,276485.44
a1147,9883066.55,276450.4
a1148,9883067.47,276438.3
a1149,9883119.89,276448.01
a1150,9883085.58,276501.37
a1151,9883055.62,276476.03
a1152,9883108.02,276473.31
a1153,9883202.15,276294.02
a1154,9883336.19,276111.06
a1155,9883354.22,276132.82
a1156,9883408.14,276141.84
a1157,9883280.12,276157.53
a1158,9883325.8,276150.09
a1159,9883310.71,276132.18
a1160,9883349.08,276100.39
a1161,9883217.4,276165.35
a1162,9883236.74,276146.49
a1163,9883258.08,276125.7
a1164,9883358.36,276092.69
a1165,9883173.27,276208.36
a1166,9883196.59,276185.63
a1167,9883227.5,276266.39
a1168,9883196.36,276235.64
a1169,9883219.82,276215.2
a1170,9883168.03,276260.33
a1171,9883225.71,276268.83
a1172,9883194.09,276237.62
a1173,9883252.98,276232.5
a1174,9883258.8,276184.5
a1175,9883316.25,276198.5
a1176,9883277.77,276160.5
a1177,9883228.83,276208.65
a1178,9883254.37,276190.1
a1179,9883295.99,276221.22
a1180,9883061.06,275981.54
a1181,9883094.54,276014.83
a1182,9883097.74,276014.14
a1183,9883211.85,275908.34
a1184,9883068.94,275978.09
a1185,9883062.21,275978.49
a1186,9883108.37,275986.22
a1187,9883105.79,276026.01
a1188,9883104.73,276021.09
a1189,9883108.66,276010.75
a1190,9883105.82,275982.05
a1191,9883123.15,276043.27
a1192,9883126.95,276047.04
a1193,9883330.65,276025.64
a1194,9883287.95,276022.43
a1195,9883307.8,276003.08
a1196,9883333.65,276067.56
a1197,9883353.5,276048.21
a1198,9883310.8,276044.99
a1199,9883265.09,275999.86
a1200,9883219.39,275954.73
a1201,9883239.24,275935.38
a1202,9883201.08,275936.65
a1203,9883284.95,275980.51
a1204,9883242.24,275977.3
a1205,9883262.09,275957.95
a1206,9883136.7,276021.43
a1207,9882870.48,276114.47
a1208,9882885.45,276099.41
a1209,9882900.41,276084.35
a1210,9882825.58,276159.64
a1211,9882840.54,276144.58
a1212,9882855.51,276129.52
a1213,9882915.38,276069.3
a1214,9882975.25,276009.07
a1215,9882990.22,275994.02
a1216,9883005.18,275978.96
a1217,9882930.35,276054.24
a1218,9882945.31,276039.19
a1219,9882960.28,276024.13
a1220,9883147.37,275993.39
a1221,9883124.67,275968.7
a1222,9883152.71,275979.37
a1223,9883114,275996.73
a1224,9883142.03,276007.41
a1225,9883119.34,275982.72
a1226,9883159.76,275960.85
a1227,9882780.68,276204.81
a1228,9882795.64,276189.75
a1229,9882810.61,276174.69
a1230,9883128.92,275957.54
a1231,9882750.74,276234.92
a1232,9882765.71,276219.86
a1233,9883375.44,276069.87
a1234,9883246.64,276046.86
a1235,9883265.3,276065.29
a1236,9883305.38,276062.84
a1237,9883240.93,276089.04
a1238,9883222.27,276070.62
a1239,9883283.96,276083.72
a1240,9883305.41,276056.53
a1241,9883115.08,276162.52
a1242,9883144.08,276134.26
a1243,9883130.82,276121.17
a1244,9883289.95,276041.27
a1245,9883268.06,276025.98
a1246,9883274.49,276026
a1247,9883186.48,276178.73
a1248,9883167.82,276160.3
a1249,9883149.21,276141.92
a1250,9883143.17,276184.32
a1251,9883127.71,276169.06
a1252,9883127.73,276162.75
a1253,9883210.85,276154.97
a1254,9883216.56,276112.79
a1255,9883197.9,276094.37
a1256,9883259.59,276107.47
a1257,9883192.19,276136.55
a1258,9883173.53,276118.12
a1259,9883235.22,276131.22
a1260,9883143.92,276086.78
a1261,9883222.11,276013.18
a1262,9883245.05,276035.84
a1263,9883261.66,276019.66
a1264,9883179.6,276010.11
a1265,9883174.88,276005.45
a1266,9883199.43,275990.78
a1267,9883261.68,276013.35
a1268,9883190.6,275964.17
a1269,9883349.29,276095.36
a1270,9883349.81,276083.52
a1271,9883241.94,275993.86
a1272,9883219.25,275971.46
a1273,9883214.47,275966.73
a1274,9883159.78,276045.11
a1275,9883176.04,276061.16
a1276,9883197.42,276082.27
a1277,9883168.19,276110.75
a1278,9883184.37,276094.99
a1279,9883152.7,276063.72
a1280,9883215.56,276064.59
a1281,9883228.45,276052.03
a1282,9883222.02,276052
a1283,9883202.28,276032.51
a1284,9883215.58,276058.29
a1285,9883197.4,276040.34
a1286,9883171.38,276014.65
a1287,9882826.03,276395.57
a1288,9882657.09,276331.27
a1289,9882644.56,276317.13
a1290,9882781.03,275597.22
a1291,9882663.45,276324.87
a1292,9882680.25,276307.97
a1293,9882667.72,276293.84
a1294,9882769.27,275607.29
a1295,9882810.36,275603.12
a1296,9882825.23,275590.39
a1297,9882819.51,275583.01
a1298,9882768.47,275613.61
a1299,9882780.31,275628.86
a1300,9882795.49,275615.86
a1301,9882783.63,276388.77
a1302,9882772.21,276375.89
a1303,9882759.68,276361.75
a1304,9882756.46,276391.73
a1305,9882769.37,276406.3
a1306,9882783.14,276394.99
a1307,9882747.16,276347.61
a1308,9882697.05,276291.07
a1309,9882688.5,276281.43
a1310,9882679.23,276282.26
a1311,9882734.63,276333.48
a1312,9882722.1,276319.34
a1313,9882709.57,276305.21
a1314,9882829.93,275574.09
a1315,9882854.98,275603.84
a1316,9882853.03,275601.57
a1317,9882865.1,275591.23
a1318,9882834.26,275625.54
a1319,9882845.6,275615.83
a1320,9882856.93,275606.12
a1321,9882867.24,275593.34
a1322,9882865.11,275638.62
a1323,9882853.78,275648.32
a1324,9882842.44,275658.03
a1325,9882884.4,275610.29
a1326,9882885.11,275621.49
a1327,9882876.45,275628.91
a1328,9882850.12,275600.11
a1329,9882839.7,275609.03
a1330,9882824.83,275621.77
a1331,9882835.37,275569.42
a1332,9882855.77,275582.01
a1333,9882851.08,275599.29
a1334,9882809.96,275634.51
a1335,9882803.72,275651.7
a1336,9882811.59,275644.96
a1337,9882822.93,275635.25
a1338,9882792.02,275643.95
a1339,9882798.19,275644.58
a1340,9882803.06,275658.18
a1341,9882755.41,276392.78
a1342,9882805.93,276413.93
a1343,9882818.46,276428.07
a1344,9882830.99,276442.2
a1345,9882774.2,276413.98
a1346,9882789.11,276401.73
a1347,9882795.57,276402.24
a1348,9882843.52,276456.34
a1349,9882866.23,276510.95
a1350,9882881.1,276498.74
a1351,9882898.38,276518.24
a1352,9882856.04,276470.47
a1353,9882868.57,276484.61
a1354,9882862.71,276513.84
a1355,9882905.74,276592.93
a1356,9882885.42,276536.98
a1357,9882873.22,276541.41
a1358,9882935.99,276518.6
a1359,9882909.39,276528.27
a1360,9882927.76,276578.85
a1361,9882852.93,276552.24
a1362,9882812.6,276457.31
a1363,9882800.07,276443.17
a1364,9882787.54,276429.04
a1365,9882850.18,276499.71
a1366,9882837.65,276485.58
a1367,9882825.12,276471.44
a1368,9882897.14,276523.15
a1369,9882726.09,276395.55
a1370,9882713.56,276381.41
a1371,9882701.03,276367.28
a1372,9882753.31,276419.49
a1373,9882746.85,276418.97
a1374,9882738.61,276409.68
a1375,9882688.5,276353.14
a1376,9882717.83,276350.38
a1377,9882730.36,276364.51
a1378,9882742.89,276378.65
a1379,9882675.98,276339.01
a1380,9882692.78,276322.11
a1381,9882705.3,276336.24
a1382,9882851.97,276537.59
a1383,9882844.31,276528.95
a1384,9882831.79,276514.81
a1385,9882881.66,276528.77
a1386,9882869.35,276533.24
a1387,9882858.93,276538.84
a1388,9882819.26,276500.68
a1389,9882769.15,276444.14
a1390,9882759.28,276426.23
a1391,9882758.79,276432.45
a1392,9882806.73,276486.54
a1393,9882794.21,276472.41
a1394,9882781.68,276458.27
a1395,9882667.46,275766.86
a1396,9882657.76,275754.36
a1397,9882648.05,275741.85
a1398,9882710.21,275771.28
a1399,9882686.59,275791.52
a1400,9882677.16,275779.37
a1401,9882638.35,275729.35
a1402,9882616.18,275746.55
a1403,9882625.88,275759.06
a1404,9882635.58,275771.56
a1405,9882628.43,275716.56
a1406,9882609.81,275731
a1407,9882609.01,275737.32
a1408,9882661.27,275691.08
a1409,9882660.47,275697.39
a1410,9882647.05,275702.11
a1411,9882686.38,275730.78
a1412,9882676.9,275718.56
a1413,9882667.41,275706.33
a1414,9882653.36,275702.91
a1415,9882689.63,275749.66
a1416,9882699.34,275762.17
a1417,9882701.71,275760.33
a1418,9882660.53,275712.14
a1419,9882670.23,275724.65
a1420,9882679.93,275737.15
a1421,9882645.28,275784.07
a1422,9882650.93,275806.04
a1423,9882625.68,275825.63
a1424,9882617.08,275814.55
a1425,9882566.02,275800.89
a1426,9882557.42,275789.81
a1427,9882651.18,275806.36
a1428,9882608.48,275803.46
a1429,9882642.33,275794.95
a1430,9882633.74,275783.87
a1431,9882625.14,275772.78
a1432,9882599.88,275792.38
a1433,9882591.28,275781.29
a1434,9882582.68,275770.21
a1435,9882655.92,275802.68
a1436,9882653.55,275804.52
a1437,9882660.73,275813.66
a1438,9882654.99,275796.57
a1439,9882658.3,275800.84
a1440,9882662.96,275811.75
a1441,9882634.09,275836.48
a1442,9882591.82,275834.14
a1443,9882583.22,275823.06
a1444,9882574.62,275811.98
a1445,9882615.1,275852.74
a1446,9882607.02,275853.74
a1447,9882600.42,275845.23
a1448,9882695.86,275743
a1449,9882761.38,275669.08
a1450,9882752.46,275657.58
a1451,9882743.54,275646.09
a1452,9882776.85,275693.91
a1453,9882779.22,275692.07
a1454,9882770.3,275680.58
a1455,9882734.42,275634.33
a1456,9882728.68,275676.03
a1457,9882737.6,275687.53
a1458,9882746.52,275699.03
a1459,9882714.19,275650.02
a1460,9882713.39,275656.34
a1461,9882719.76,275664.54
a1462,9882808.45,275687.15
a1463,9882809.11,275680.67
a1464,9882803.4,275673.31
a1465,9882831.11,275667.74
a1466,9882822.13,275675.43
a1467,9882815.95,275674.8
a1468,9882794.48,275661.81
a1469,9882761.36,275619.12
a1470,9882755.05,275618.33
a1471,9882786.31,275706.11
a1472,9882785.56,275650.32
a1473,9882776.64,275638.82
a1474,9882767.72,275627.33
a1475,9882755.43,275710.52
a1476,9882699.8,275700.79
a1477,9882709.28,275713.01
a1478,9882718.76,275725.23
a1479,9882699.97,275661.05
a1480,9882680.62,275676.07
a1481,9882690.32,275688.56
a1482,9882718.28,275725.61
a1483,9882712.49,275769.33
a1484,9882704.08,275758.49
a1485,9882706.45,275756.65
a1486,9882736.35,275748.9
a1487,9882706.41,275734.82
a1488,9882724.92,275758.69
a1489,9882749.5,275717.55
a1490,9882751.87,275715.72
a1491,9882761.14,275727.66
a1492,9882756.61,275712.04
a1493,9882763.42,275725.71
a1494,9882754.24,275713.88
a1495,9882748.06,275738.86
a1496,9882722.7,275683.02
a1497,9882713.22,275670.8
a1498,9882706.28,275661.85
a1499,9882730.45,275716.16
a1500,9882741.67,275707.46
a1501,9882732.19,275695.24
a1502,9882909.39,276171.12
a1503,9882919.85,276160.6
a1504,9882930.31,276150.08
a1505,9882884.25,276196.41
a1506,9882888.48,276192.16
a1507,9882898.94,276181.64
a1508,9882940.76,276139.56
a1509,9882982.58,276097.5
a1510,9882993.03,276086.98
a1511,9883003.48,276076.47
a1512,9882951.22,276129.04
a1513,9882961.67,276118.53
a1514,9882972.12,276108.01
a1515,9882874.15,276249.12
a1516,9882895.43,276270.27
a1517,9882905.89,276259.75
a1518,9882863.7,276259.64
a1519,9882842.42,276238.49
a1520,9882852.88,276227.97
a1521,9882884.61,276238.6
a1522,9882916.34,276249.23
a1523,9882926.8,276238.71
a1524,9882905.53,276217.56
a1525,9882863.33,276217.45
a1526,9882873.79,276206.93
a1527,9882895.07,276228.08
a1528,9883013.93,276065.96
a1529,9882931.03,276234.46
a1530,9882941.49,276223.94
a1531,9882951.95,276213.42
a1532,9882930.67,276192.27
a1533,9882920.21,276202.79
a1534,9882909.76,276213.31
a1535,9882962.4,276202.9
a1536,9883004.23,276160.83
a1537,9883014.68,276150.31
a1538,9883025.13,276139.8
a1539,9882972.86,276192.38
a1540,9882983.32,276181.86
a1541,9882993.77,276171.34
a1542,9883035.22,276087.12
a1543,9883024.77,276097.63
a1544,9883014.31,276108.14
a1545,9883021.75,276058.09
a1546,9883027.41,276058.07
a1547,9883045.86,276076.41
a1548,9883003.86,276118.66
a1549,9882962.04,276160.71
a1550,9882951.58,276171.23
a1551,9882941.13,276181.75
a1552,9882993.41,276129.17
a1553,9882982.96,276139.69
a1554,9882972.51,276150.2
a1555,9882884.97,276280.79
a1556,9882941.4,276236.8
a1557,9882951.86,276226.27
a1558,9882962.33,276215.73
a1559,9882909.99,276268.39
a1560,9882920.46,276257.86
a1561,9882930.93,276247.33
a1562,9882974.45,276203.54
a1563,9882792.45,276373.86
a1564,9882786.3,276373.68
a1565,9882770.59,276355.96
a1566,9883002.3,276175.53
a1567,9883054.23,276123.29
a1568,9883055.8,276124.3
a1569,9882804.67,276374.34
a1570,9882815.77,276363.18
a1571,9882826.24,276352.64
a1572,9882827.27,276396.8
a1573,9882798.25,276387.17
a1574,9882798.44,276380.61
a1575,9882836.7,276342.11
a1576,9882878.58,276299.99
a1577,9882889.05,276289.45
a1578,9882899.52,276278.92
a1579,9882847.17,276331.58
a1580,9882857.64,276321.05
a1581,9882868.11,276310.52
a1582,9882752.39,276335.43
a1583,9882800.59,276280.57
a1584,9882811.05,276270.05
a1585,9882832.32,276291.2
a1586,9882832.69,276333.39
a1587,9882843.14,276322.87
a1588,9882821.87,276301.72
a1589,9882853.6,276312.35
a1590,9882831.96,276249.01
a1591,9882853.24,276270.16
a1592,9882874.52,276291.31
a1593,9882864.06,276301.83
a1594,9882842.78,276280.68
a1595,9882821.51,276259.53
a1596,9882781.37,276345.12
a1597,9882801.31,276364.95
a1598,9882811.77,276354.43
a1599,9882752.58,276328.87
a1600,9882758.76,276322.65
a1601,9882780.04,276343.8
a1602,9882790.5,276333.28
a1603,9882779.68,276301.61
a1604,9882790.13,276291.09
a1605,9882811.41,276312.24
a1606,9882769.22,276312.13
a1607,9882822.23,276343.91
a1608,9882800.95,276322.76
a1609,9883000.88,276293.85
a1610,9882992.01,276317.15
a1611,9882991.62,276322.2
a1612,9883006.22,276279.83
a1613,9883034.26,276290.5
a1614,9883028.92,276304.52
a1615,9883021.59,276323.77
a1616,9882989.64,276347.96
a1617,9882993.78,276352.79
a1618,9883019.21,276354.75
a1619,9883021.53,276324.5
a1620,9882990.47,276337.15
a1621,9883020.38,276339.46
a1622,9883032.9,276209.73
a1623,9883060.94,276220.41
a1624,9883027.57,276223.75
a1625,9883071.62,276192.37
a1626,9883038.24,276195.72
a1627,9883066.28,276206.39
a1628,9883055.6,276234.43
a1629,9883044.93,276262.46
a1630,9883011.56,276265.81
a1631,9883039.59,276276.48
a1632,9883022.23,276237.77
a1633,9883050.27,276248.45
a1634,9883016.89,276251.79
a1635,9883018.28,276366.71
a1636,9882978.78,276489.12
a1637,9882982.66,276492.07
a1638,9882991.87,276488.72
a1639,9883011.17,276459.13
a1640,9883009.99,276474.47
a1641,9882980.08,276472.17
a1642,9883009.12,276485.86
a1643,9882980.46,276546.52
a1644,9882966.32,276507.59
a1645,9882952.57,276564.24
a1646,9883005.12,276537.8
a1647,9883008.4,276495.1
a1648,9882994.17,276497.47
a1649,9883017.08,276382.4
a1650,9882985.99,276395.44
a1651,9883015.9,276397.74
a1652,9882992.86,276364.76
a1653,9882988.03,276368.9
a1654,9882987.17,276380.09
a1655,9882984.8,276410.79
a1656,9882982.44,276441.48
a1657,9883012.35,276443.78
a1658,9882981.26,276456.83
a1659,9883014.72,276413.09
a1660,9882983.62,276426.13
a1661,9883013.53,276428.43
a1662,9883043.58,276181.7
a1663,9883021.31,276039.33
a1664,9883042.46,276018.05
a1665,9883063.61,275996.77
a1666,9883010.68,276028.75
a1667,9883031.83,276007.48
a1668,9883052.98,275986.2
a1669,9883031.95,276049.9
a1670,9883063.74,276039.2
a1671,9883084.89,276017.92
a1672,9883053.23,276071.05
a1673,9883053.1,276028.63
a1674,9883074.25,276007.35
a1675,9883042.59,276060.48
a1676,9883065.01,276099.68
a1677,9883064.99,276095.44
a1678,9883049.01,275982.26
a1679,9883035.58,276129.28
a1680,9883046.03,276118.77
a1681,9883056.48,276108.26
a1682,9883042.18,275979.68
a1683,9883010.55,275986.33
a1684,9883000.04,276018.18
a1685,9883021.19,275996.9
a1686,9883015.59,275981.26
a1687,9882992.24,276010.42
a1688,9882992.22,276004.77
a1689,9883074.38,276049.78
a1690,9883076.12,276106.5
a1691,9883071.86,276107.42
a1692,9883064.93,276125.62
a1693,9883098.81,276120.95
a1694,9883097.74,276123.76
a1695,9883079.09,276108.87
a1696,9883092.96,276136.3
a1697,9883082.29,276164.34
a1698,9883048.92,276167.68
a1699,9883076.95,276178.35
a1700,9883059.59,276139.64
a1701,9883087.63,276150.32
a1702,9883054.25,276153.66
a1703,9883106.17,276039.07
a1704,9883074.5,276092.2
a1705,9883095.65,276070.93
a1706,9883095.53,276028.5
a1707,9883063.87,276081.63
a1708,9883085.02,276060.35
a1709,9883116.8,276049.65
a1710,9883106.29,276081.5
a1711,9883085.14,276102.78
a1712,9883081.2,276106.74
a1713,9883121.03,276045.39
a1714,9883125.78,276050.11
a1715,9883111.76,276086.93
